scenario_id,split,context,emotion,gesture,motion,direction,missing_cues,intent,intent_name,action,action_description,target_v,target_omega,target_d
aug_1,train,classroom,happy,wave,walking,toward_robot,,F01,Greeting / positive acknowledgment,A01,Positive acknowledgment; prompt/prepare next task,0.0,0.0,1.0
aug_2,train,offline,happy,wave,walking,toward_robot,context,F01,Greeting / positive acknowledgment,A01,Positive acknowledgment; prompt/prepare next task,0.0,0.0,1.0
aug_3,train,classroom,happy,wave,walking,toward_robot,,F01,Greeting / positive acknowledgment,A01,Positive acknowledgment; prompt/prepare next task,0.0,0.0,1.0
aug_4,train,classroom,happy,wave,walking,toward_robot,,F01,Greeting / positive acknowledgment,A01,Positive acknowledgment; prompt/prepare next task,0.0,0.0,1.0
aug_5,train,classroom,happy,wave,walking,toward_robot,,F01,Greeting / positive acknowledgment,A01,Positive acknowledgment; prompt/prepare next task,0.0,0.0,1.0
aug_6,train,classroom,happy,wave,walking,toward_robot,,F01,Greeting / positive acknowledgment,A01,Positive acknowledgment; prompt/prepare next task,0.0,0.0,1.0
aug_7,train,classroom,happy,wave,walking,toward_robot,,F01,Greeting / positive acknowledgment,A01,Positive acknowledgment; prompt/prepare next task,0.0,0.0,1.0
aug_8,train,offline,happy,wave,walking,toward_robot,context,F01,Greeting / positive acknowledgment,A01,Positive acknowledgment; prompt/prepare next task,0.0,0.0,1.0
aug_9,train,classroom,happy,wave,walking,toward_robot,,F01,Greeting / positive acknowledgment,A01,Positive acknowledgment; prompt/prepare next task,0.0,0.0,1.0
aug_10,train,offline,happy,wave,walking,toward_robot,context,F01,Greeting / positive acknowledgment,A01,Positive acknowledgment; prompt/prepare next task,0.0,0.0,1.0
aug_11,train,classroom,happy,thumbs_up,sitting,stationary,,F01,Greeting / positive acknowledgment,A01,Positive acknowledgment; prompt/prepare next task,0.0,0.0,1.0
aug_12,train,classroom,happy,thumbs_up,sitting,stationary,,F01,Greeting / positive acknowledgment,A01,Positive acknowledgment; prompt/prepare next task,0.0,0.0,1.0
aug_13,train,offline,happy,thumbs_up,sitting,stationary,context,F01,Greeting / positive acknowledgment,A01,Positive acknowledgment; prompt/prepare next task,0.0,0.0,1.0
aug_14,train,classroom,happy,thumbs_up,sitting,stationary,,F01,Greeting / positive acknowledgment,A01,Positive acknowledgment; prompt/prepare next task,0.0,0.0,1.0
aug_15,train,classroom,happy,thumbs_up,sitting,stationary,,F01,Greeting / positive acknowledgment,A01,Positive acknowledgment; prompt/prepare next task,0.0,0.0,1.0
aug_16,train,classroom,happy,thumbs_up,sitting,stationary,,F01,Greeting / positive acknowledgment,A01,Positive acknowledgment; prompt/prepare next task,0.0,0.0,1.0
aug_17,train,classroom,happy,thumbs_up,sitting,stationary,,F01,Greeting / positive acknowledgment,A01,Positive acknowledgment; prompt/prepare next task,0.0,0.0,1.0
aug_18,train,classroom,happy,thumbs_up,sitting,stationary,,F01,Greeting / positive acknowledgment,A01,Positive acknowledgment; prompt/prepare next task,0.0,0.0,1.0
aug_19,train,classroom,happy,thumbs_up,sitting,stationary,,F01,Greeting / positive acknowledgment,A01,Positive acknowledgment; prompt/prepare next task,0.0,0.0,1.0
aug_20,train,offline,happy,thumbs_up,sitting,stationary,context,F01,Greeting / positive acknowledgment,A01,Positive acknowledgment; prompt/prepare next task,0.0,0.0,1.0
aug_21,train,classroom,surprise,both_hands_up,standing,stationary,,F02,Emergency / danger,A14,Halt risky action; check surroundings; notify supervisor,0.0,0.1,1.8
aug_22,train,classroom,surprise,both_hands_up,standing,stationary,,F02,Emergency / danger,A14,Halt risky action; check surroundings; notify supervisor,0.0,0.1,1.8
aug_23,train,classroom,surprise,both_hands_up,standing,stationary,,F02,Emergency / danger,A14,Halt risky action; check surroundings; notify supervisor,0.0,0.1,1.8
aug_24,train,classroom,surprise,both_hands_up,standing,stationary,,F02,Emergency / danger,A14,Halt risky action; check surroundings; notify supervisor,0.0,0.1,1.8
aug_25,train,classroom,surprise,both_hands_up,standing,stationary,,F02,Emergency / danger,A14,Halt risky action; check surroundings; notify supervisor,0.0,0.1,1.8
aug_26,train,classroom,surprise,both_hands_up,standing,stationary,,F02,Emergency / danger,A14,Halt risky action; check surroundings; notify supervisor,0.0,0.1,1.8
aug_27,train,offline,surprise,both_hands_up,standing,stationary,context,F02,Emergency / danger,A14,Halt risky action; check surroundings; notify supervisor,0.0,0.1,1.8
aug_28,train,offline,surprise,both_hands_up,standing,stationary,context,F02,Emergency / danger,A14,Halt risky action; check surroundings; notify supervisor,0.0,0.1,1.8
aug_29,train,classroom,surprise,both_hands_up,standing,stationary,,F02,Emergency / danger,A14,Halt risky action; check surroundings; notify supervisor,0.0,0.1,1.8
aug_30,train,classroom,surprise,both_hands_up,standing,stationary,,F02,Emergency / danger,A14,Halt risky action; check surroundings; notify supervisor,0.0,0.1,1.8
aug_31,train,classroom,fear,both_hands_up,stepping_back,away_from_robot,,F02,Emergency / danger,A14,Halt risky action; check surroundings; notify supervisor,0.0,0.1,1.8
aug_32,train,classroom,fear,both_hands_up,stepping_back,away_from_robot,,F02,Emergency / danger,A14,Halt risky action; check surroundings; notify supervisor,0.0,0.1,1.8
aug_33,train,classroom,fear,both_hands_up,stepping_back,away_from_robot,,F02,Emergency / danger,A14,Halt risky action; check surroundings; notify supervisor,0.0,0.1,1.8
aug_34,train,classroom,fear,both_hands_up,stepping_back,away_from_robot,,F02,Emergency / danger,A14,Halt risky action; check surroundings; notify supervisor,0.0,0.1,1.8
aug_35,train,classroom,fear,both_hands_up,stepping_back,away_from_robot,,F02,Emergency / danger,A14,Halt risky action; check surroundings; notify supervisor,0.0,0.1,1.8
aug_36,train,classroom,fear,both_hands_up,stepping_back,away_from_robot,,F02,Emergency / danger,A14,Halt risky action; check surroundings; notify supervisor,0.0,0.1,1.8
aug_37,train,classroom,fear,both_hands_up,stepping_back,away_from_robot,,F02,Emergency / danger,A14,Halt risky action; check surroundings; notify supervisor,0.0,0.1,1.8
aug_38,train,classroom,fear,both_hands_up,stepping_back,away_from_robot,,F02,Emergency / danger,A14,Halt risky action; check surroundings; notify supervisor,0.0,0.1,1.8
aug_39,train,classroom,fear,both_hands_up,stepping_back,away_from_robot,,F02,Emergency / danger,A14,Halt risky action; check surroundings; notify supervisor,0.0,0.1,1.8
aug_40,train,classroom,fear,both_hands_up,stepping_back,away_from_robot,,F02,Emergency / danger,A14,Halt risky action; check surroundings; notify supervisor,0.0,0.1,1.8
aug_41,train,classroom,neutral,beckoning,sitting,stationary,,F03,Task assistance request,A04,Approach/follow to indicated spot; await instruction,0.3,0.2,0.8
aug_42,train,offline,neutral,beckoning,sitting,stationary,context,F03,Task assistance request,A04,Approach/follow to indicated spot; await instruction,0.3,0.2,0.8
aug_43,train,classroom,neutral,beckoning,sitting,stationary,,F03,Task assistance request,A04,Approach/follow to indicated spot; await instruction,0.3,0.2,0.8
aug_44,train,classroom,neutral,beckoning,sitting,stationary,,F03,Task assistance request,A04,Approach/follow to indicated spot; await instruction,0.3,0.2,0.8
aug_45,train,offline,neutral,beckoning,sitting,stationary,context,F03,Task assistance request,A04,Approach/follow to indicated spot; await instruction,0.3,0.2,0.8
aug_46,train,classroom,neutral,beckoning,sitting,stationary,,F03,Task assistance request,A04,Approach/follow to indicated spot; await instruction,0.3,0.2,0.8
aug_47,train,offline,neutral,beckoning,sitting,stationary,context,F03,Task assistance request,A04,Approach/follow to indicated spot; await instruction,0.3,0.2,0.8
aug_48,train,classroom,neutral,beckoning,sitting,stationary,,F03,Task assistance request,A04,Approach/follow to indicated spot; await instruction,0.3,0.2,0.8
aug_49,train,classroom,neutral,beckoning,sitting,stationary,,F03,Task assistance request,A04,Approach/follow to indicated spot; await instruction,0.3,0.2,0.8
aug_50,train,classroom,neutral,beckoning,sitting,stationary,,F03,Task assistance request,A04,Approach/follow to indicated spot; await instruction,0.3,0.2,0.8
aug_51,train,classroom,neutral,beckoning,sitting,stationary,context,F03,Task assistance request,A04,Approach/follow to indicated spot; await instruction,0.3,0.2,0.8
aug_52,train,classroom,neutral,beckoning,sitting,stationary,context,F03,Task assistance request,A04,Approach/follow to indicated spot; await instruction,0.3,0.2,0.8
aug_53,train,classroom,neutral,beckoning,sitting,stationary,context,F03,Task assistance request,A04,Approach/follow to indicated spot; await instruction,0.3,0.2,0.8
aug_54,train,classroom,neutral,beckoning,sitting,stationary,context,F03,Task assistance request,A04,Approach/follow to indicated spot; await instruction,0.3,0.2,0.8
aug_55,train,classroom,neutral,beckoning,sitting,stationary,context,F03,Task assistance request,A04,Approach/follow to indicated spot; await instruction,0.3,0.2,0.8
aug_56,train,classroom,neutral,beckoning,sitting,stationary,context,F03,Task assistance request,A04,Approach/follow to indicated spot; await instruction,0.3,0.2,0.8
aug_57,train,classroom,neutral,beckoning,sitting,stationary,context,F03,Task assistance request,A04,Approach/follow to indicated spot; await instruction,0.3,0.2,0.8
aug_58,train,classroom,neutral,beckoning,sitting,stationary,context,F03,Task assistance request,A04,Approach/follow to indicated spot; await instruction,0.3,0.2,0.8
aug_59,train,classroom,neutral,beckoning,sitting,stationary,context,F03,Task assistance request,A04,Approach/follow to indicated spot; await instruction,0.3,0.2,0.8
aug_60,train,classroom,neutral,beckoning,sitting,stationary,context,F03,Task assistance request,A04,Approach/follow to indicated spot; await instruction,0.3,0.2,0.8
aug_61,train,classroom,neutral,raise_hand,sitting,stationary,,F04,Help request,A05,"Offer task guidance / answer, supportive tone",0.0,0.1,1.0
aug_62,train,classroom,neutral,raise_hand,sitting,stationary,,F04,Help request,A05,"Offer task guidance / answer, supportive tone",0.0,0.1,1.0
aug_63,train,classroom,neutral,raise_hand,sitting,stationary,,F04,Help request,A05,"Offer task guidance / answer, supportive tone",0.0,0.1,1.0
aug_64,train,classroom,neutral,raise_hand,sitting,stationary,,F04,Help request,A05,"Offer task guidance / answer, supportive tone",0.0,0.1,1.0
aug_65,train,classroom,neutral,raise_hand,sitting,stationary,,F04,Help request,A05,"Offer task guidance / answer, supportive tone",0.0,0.1,1.0
aug_66,train,classroom,neutral,raise_hand,sitting,stationary,,F04,Help request,A05,"Offer task guidance / answer, supportive tone",0.0,0.1,1.0
aug_67,train,classroom,neutral,raise_hand,sitting,stationary,,F04,Help request,A05,"Offer task guidance / answer, supportive tone",0.0,0.1,1.0
aug_68,train,offline,neutral,raise_hand,sitting,stationary,context,F04,Help request,A05,"Offer task guidance / answer, supportive tone",0.0,0.1,1.0
aug_69,train,classroom,neutral,raise_hand,sitting,stationary,,F04,Help request,A05,"Offer task guidance / answer, supportive tone",0.0,0.1,1.0
aug_70,train,classroom,neutral,raise_hand,sitting,stationary,,F04,Help request,A05,"Offer task guidance / answer, supportive tone",0.0,0.1,1.0
aug_71,train,classroom,sad,thumbs_down,sitting,stationary,,F04,Help request,A05,"Offer task guidance / answer, supportive tone",0.0,0.1,1.0
aug_72,train,classroom,sad,thumbs_down,sitting,stationary,,F04,Help request,A05,"Offer task guidance / answer, supportive tone",0.0,0.1,1.0
aug_73,train,classroom,sad,thumbs_down,sitting,stationary,,F04,Help request,A05,"Offer task guidance / answer, supportive tone",0.0,0.1,1.0
aug_74,train,classroom,sad,thumbs_down,sitting,stationary,,F04,Help request,A05,"Offer task guidance / answer, supportive tone",0.0,0.1,1.0
aug_75,train,classroom,sad,thumbs_down,sitting,stationary,,F04,Help request,A05,"Offer task guidance / answer, supportive tone",0.0,0.1,1.0
aug_76,train,classroom,sad,thumbs_down,sitting,stationary,,F04,Help request,A05,"Offer task guidance / answer, supportive tone",0.0,0.1,1.0
aug_77,train,classroom,sad,thumbs_down,sitting,stationary,,F04,Help request,A05,"Offer task guidance / answer, supportive tone",0.0,0.1,1.0
aug_78,train,classroom,sad,thumbs_down,sitting,stationary,,F04,Help request,A05,"Offer task guidance / answer, supportive tone",0.0,0.1,1.0
aug_79,train,classroom,sad,thumbs_down,sitting,stationary,,F04,Help request,A05,"Offer task guidance / answer, supportive tone",0.0,0.1,1.0
aug_80,train,classroom,sad,thumbs_down,sitting,stationary,,F04,Help request,A05,"Offer task guidance / answer, supportive tone",0.0,0.1,1.0
aug_81,train,classroom,sad,MISSING,sitting,stationary,gesture,F04,Help request,A05,"Offer task guidance / answer, supportive tone",0.0,0.1,1.0
aug_82,train,classroom,sad,MISSING,sitting,stationary,gesture,F04,Help request,A05,"Offer task guidance / answer, supportive tone",0.0,0.1,1.0
aug_83,train,classroom,sad,MISSING,sitting,stationary,gesture,F04,Help request,A05,"Offer task guidance / answer, supportive tone",0.0,0.1,1.0
aug_84,train,classroom,sad,MISSING,sitting,stationary,gesture,F04,Help request,A05,"Offer task guidance / answer, supportive tone",0.0,0.1,1.0
aug_85,train,classroom,sad,MISSING,sitting,stationary,gesture,F04,Help request,A05,"Offer task guidance / answer, supportive tone",0.0,0.1,1.0
aug_86,train,classroom,sad,MISSING,sitting,stationary,gesture,F04,Help request,A05,"Offer task guidance / answer, supportive tone",0.0,0.1,1.0
aug_87,train,classroom,sad,MISSING,sitting,stationary,gesture,F04,Help request,A05,"Offer task guidance / answer, supportive tone",0.0,0.1,1.0
aug_88,train,classroom,sad,MISSING,sitting,stationary,gesture,F04,Help request,A05,"Offer task guidance / answer, supportive tone",0.0,0.1,1.0
aug_89,train,offline,sad,MISSING,sitting,stationary,"gesture,context",F04,Help request,A05,"Offer task guidance / answer, supportive tone",0.0,0.1,1.0
aug_90,train,offline,sad,MISSING,sitting,stationary,"gesture,context",F04,Help request,A05,"Offer task guidance / answer, supportive tone",0.0,0.1,1.0
aug_91,train,offline,neutral,point,sitting,stationary,context,F05,Engaged / busy - no interaction needed,A06,Hold position; do not interrupt; stay aware,0.0,0.0,1.5
aug_92,train,classroom,neutral,point,sitting,stationary,,F05,Engaged / busy - no interaction needed,A06,Hold position; do not interrupt; stay aware,0.0,0.0,1.5
aug_93,train,classroom,neutral,point,sitting,stationary,,F05,Engaged / busy - no interaction needed,A06,Hold position; do not interrupt; stay aware,0.0,0.0,1.5
aug_94,train,classroom,neutral,point,sitting,stationary,,F05,Engaged / busy - no interaction needed,A06,Hold position; do not interrupt; stay aware,0.0,0.0,1.5
aug_95,train,offline,neutral,point,sitting,stationary,context,F05,Engaged / busy - no interaction needed,A06,Hold position; do not interrupt; stay aware,0.0,0.0,1.5
aug_96,train,classroom,neutral,point,sitting,stationary,,F05,Engaged / busy - no interaction needed,A06,Hold position; do not interrupt; stay aware,0.0,0.0,1.5
aug_97,train,classroom,neutral,point,sitting,stationary,,F05,Engaged / busy - no interaction needed,A06,Hold position; do not interrupt; stay aware,0.0,0.0,1.5
aug_98,train,classroom,neutral,point,sitting,stationary,,F05,Engaged / busy - no interaction needed,A06,Hold position; do not interrupt; stay aware,0.0,0.0,1.5
aug_99,train,classroom,neutral,point,sitting,stationary,,F05,Engaged / busy - no interaction needed,A06,Hold position; do not interrupt; stay aware,0.0,0.0,1.5
aug_100,train,classroom,neutral,point,sitting,stationary,,F05,Engaged / busy - no interaction needed,A06,Hold position; do not interrupt; stay aware,0.0,0.0,1.5
aug_101,train,offline,happy,raise_hand,sitting,stationary,context,F05,Engaged / busy - no interaction needed,A06,Hold position; do not interrupt; stay aware,0.0,0.0,1.5
aug_102,train,classroom,happy,raise_hand,sitting,stationary,,F05,Engaged / busy - no interaction needed,A06,Hold position; do not interrupt; stay aware,0.0,0.0,1.5
aug_103,train,classroom,happy,raise_hand,sitting,stationary,,F05,Engaged / busy - no interaction needed,A06,Hold position; do not interrupt; stay aware,0.0,0.0,1.5
aug_104,train,classroom,happy,raise_hand,sitting,stationary,,F05,Engaged / busy - no interaction needed,A06,Hold position; do not interrupt; stay aware,0.0,0.0,1.5
aug_105,train,classroom,happy,raise_hand,sitting,stationary,,F05,Engaged / busy - no interaction needed,A06,Hold position; do not interrupt; stay aware,0.0,0.0,1.5
aug_106,train,classroom,happy,raise_hand,sitting,stationary,,F05,Engaged / busy - no interaction needed,A06,Hold position; do not interrupt; stay aware,0.0,0.0,1.5
aug_107,train,offline,happy,raise_hand,sitting,stationary,context,F05,Engaged / busy - no interaction needed,A06,Hold position; do not interrupt; stay aware,0.0,0.0,1.5
aug_108,train,classroom,happy,raise_hand,sitting,stationary,,F05,Engaged / busy - no interaction needed,A06,Hold position; do not interrupt; stay aware,0.0,0.0,1.5
aug_109,train,classroom,happy,raise_hand,sitting,stationary,,F05,Engaged / busy - no interaction needed,A06,Hold position; do not interrupt; stay aware,0.0,0.0,1.5
aug_110,train,classroom,happy,raise_hand,sitting,stationary,,F05,Engaged / busy - no interaction needed,A06,Hold position; do not interrupt; stay aware,0.0,0.0,1.5
aug_111,train,classroom,neutral,MISSING,walking,toward_robot,gesture,F06,Requests passage / space,A11,Move aside promptly; clear path,0.3,0.5,0.5
aug_112,train,classroom,neutral,MISSING,walking,toward_robot,gesture,F06,Requests passage / space,A11,Move aside promptly; clear path,0.3,0.5,0.5
aug_113,train,classroom,neutral,MISSING,walking,toward_robot,gesture,F06,Requests passage / space,A11,Move aside promptly; clear path,0.3,0.5,0.5
aug_114,train,classroom,neutral,MISSING,walking,toward_robot,gesture,F06,Requests passage / space,A11,Move aside promptly; clear path,0.3,0.5,0.5
aug_115,train,classroom,neutral,MISSING,walking,toward_robot,gesture,F06,Requests passage / space,A11,Move aside promptly; clear path,0.3,0.5,0.5
aug_116,train,classroom,neutral,MISSING,walking,toward_robot,gesture,F06,Requests passage / space,A11,Move aside promptly; clear path,0.3,0.5,0.5
aug_117,train,classroom,neutral,MISSING,walking,toward_robot,gesture,F06,Requests passage / space,A11,Move aside promptly; clear path,0.3,0.5,0.5
aug_118,train,classroom,neutral,MISSING,walking,toward_robot,gesture,F06,Requests passage / space,A11,Move aside promptly; clear path,0.3,0.5,0.5
aug_119,train,classroom,neutral,MISSING,walking,toward_robot,gesture,F06,Requests passage / space,A11,Move aside promptly; clear path,0.3,0.5,0.5
aug_120,train,classroom,neutral,MISSING,walking,toward_robot,gesture,F06,Requests passage / space,A11,Move aside promptly; clear path,0.3,0.5,0.5
aug_121,train,classroom,angry,wave,standing,stationary,,F06,Requests passage / space,A11,Move aside promptly; clear path,0.3,0.5,0.5
aug_122,train,classroom,angry,wave,standing,stationary,,F06,Requests passage / space,A11,Move aside promptly; clear path,0.3,0.5,0.5
aug_123,train,classroom,angry,wave,standing,stationary,,F06,Requests passage / space,A11,Move aside promptly; clear path,0.3,0.5,0.5
aug_124,train,classroom,angry,wave,standing,stationary,,F06,Requests passage / space,A11,Move aside promptly; clear path,0.3,0.5,0.5
aug_125,train,offline,angry,wave,standing,stationary,context,F06,Requests passage / space,A11,Move aside promptly; clear path,0.3,0.5,0.5
aug_126,train,classroom,angry,wave,standing,stationary,,F06,Requests passage / space,A11,Move aside promptly; clear path,0.3,0.5,0.5
aug_127,train,offline,angry,wave,standing,stationary,context,F06,Requests passage / space,A11,Move aside promptly; clear path,0.3,0.5,0.5
aug_128,train,classroom,angry,wave,standing,stationary,,F06,Requests passage / space,A11,Move aside promptly; clear path,0.3,0.5,0.5
aug_129,train,classroom,angry,wave,standing,stationary,,F06,Requests passage / space,A11,Move aside promptly; clear path,0.3,0.5,0.5
aug_130,train,classroom,angry,wave,standing,stationary,,F06,Requests passage / space,A11,Move aside promptly; clear path,0.3,0.5,0.5
aug_131,train,classroom,angry,both_hands_up,standing,stationary,,F07,Frustration / agitation,A08,"Calm assistance, soft tone (de-escalation)",0.0,0.05,1.5
aug_132,train,offline,angry,both_hands_up,standing,stationary,context,F07,Frustration / agitation,A08,"Calm assistance, soft tone (de-escalation)",0.0,0.05,1.5
aug_133,train,classroom,angry,both_hands_up,standing,stationary,,F07,Frustration / agitation,A08,"Calm assistance, soft tone (de-escalation)",0.0,0.05,1.5
aug_134,train,classroom,angry,both_hands_up,standing,stationary,,F07,Frustration / agitation,A08,"Calm assistance, soft tone (de-escalation)",0.0,0.05,1.5
aug_135,train,offline,angry,both_hands_up,standing,stationary,context,F07,Frustration / agitation,A08,"Calm assistance, soft tone (de-escalation)",0.0,0.05,1.5
aug_136,train,classroom,angry,both_hands_up,standing,stationary,,F07,Frustration / agitation,A08,"Calm assistance, soft tone (de-escalation)",0.0,0.05,1.5
aug_137,train,offline,angry,both_hands_up,standing,stationary,context,F07,Frustration / agitation,A08,"Calm assistance, soft tone (de-escalation)",0.0,0.05,1.5
aug_138,train,classroom,angry,both_hands_up,standing,stationary,,F07,Frustration / agitation,A08,"Calm assistance, soft tone (de-escalation)",0.0,0.05,1.5
aug_139,train,classroom,angry,both_hands_up,standing,stationary,,F07,Frustration / agitation,A08,"Calm assistance, soft tone (de-escalation)",0.0,0.05,1.5
aug_140,train,offline,angry,both_hands_up,standing,stationary,context,F07,Frustration / agitation,A08,"Calm assistance, soft tone (de-escalation)",0.0,0.05,1.5
aug_141,train,classroom,angry,thumbs_down,sitting,stationary,,F07,Frustration / agitation,A08,"Calm assistance, soft tone (de-escalation)",0.0,0.05,1.5
aug_142,train,classroom,angry,thumbs_down,sitting,stationary,,F07,Frustration / agitation,A08,"Calm assistance, soft tone (de-escalation)",0.0,0.05,1.5
aug_143,train,classroom,angry,thumbs_down,sitting,stationary,,F07,Frustration / agitation,A08,"Calm assistance, soft tone (de-escalation)",0.0,0.05,1.5
aug_144,train,classroom,angry,thumbs_down,sitting,stationary,,F07,Frustration / agitation,A08,"Calm assistance, soft tone (de-escalation)",0.0,0.05,1.5
aug_145,train,classroom,angry,thumbs_down,sitting,stationary,,F07,Frustration / agitation,A08,"Calm assistance, soft tone (de-escalation)",0.0,0.05,1.5
aug_146,train,classroom,angry,thumbs_down,sitting,stationary,,F07,Frustration / agitation,A08,"Calm assistance, soft tone (de-escalation)",0.0,0.05,1.5
aug_147,train,classroom,angry,thumbs_down,sitting,stationary,,F07,Frustration / agitation,A08,"Calm assistance, soft tone (de-escalation)",0.0,0.05,1.5
aug_148,train,classroom,angry,thumbs_down,sitting,stationary,,F07,Frustration / agitation,A08,"Calm assistance, soft tone (de-escalation)",0.0,0.05,1.5
aug_149,train,classroom,angry,thumbs_down,sitting,stationary,,F07,Frustration / agitation,A08,"Calm assistance, soft tone (de-escalation)",0.0,0.05,1.5
aug_150,train,classroom,angry,thumbs_down,sitting,stationary,,F07,Frustration / agitation,A08,"Calm assistance, soft tone (de-escalation)",0.0,0.05,1.5
aug_151,train,classroom,disgust,thumbs_down,stepping_back,away_from_robot,,F08,Break / relief request,A07,Acknowledge; suggest break/alternative activity,0.0,0.0,1.2
aug_152,train,classroom,disgust,thumbs_down,stepping_back,away_from_robot,,F08,Break / relief request,A07,Acknowledge; suggest break/alternative activity,0.0,0.0,1.2
aug_153,train,classroom,disgust,thumbs_down,stepping_back,away_from_robot,,F08,Break / relief request,A07,Acknowledge; suggest break/alternative activity,0.0,0.0,1.2
aug_154,train,classroom,disgust,thumbs_down,stepping_back,away_from_robot,,F08,Break / relief request,A07,Acknowledge; suggest break/alternative activity,0.0,0.0,1.2
aug_155,train,offline,disgust,thumbs_down,stepping_back,away_from_robot,context,F08,Break / relief request,A07,Acknowledge; suggest break/alternative activity,0.0,0.0,1.2
aug_156,train,classroom,disgust,thumbs_down,stepping_back,away_from_robot,,F08,Break / relief request,A07,Acknowledge; suggest break/alternative activity,0.0,0.0,1.2
aug_157,train,classroom,disgust,thumbs_down,stepping_back,away_from_robot,,F08,Break / relief request,A07,Acknowledge; suggest break/alternative activity,0.0,0.0,1.2
aug_158,train,classroom,disgust,thumbs_down,stepping_back,away_from_robot,,F08,Break / relief request,A07,Acknowledge; suggest break/alternative activity,0.0,0.0,1.2
aug_159,train,classroom,disgust,thumbs_down,stepping_back,away_from_robot,,F08,Break / relief request,A07,Acknowledge; suggest break/alternative activity,0.0,0.0,1.2
aug_160,train,classroom,disgust,thumbs_down,stepping_back,away_from_robot,,F08,Break / relief request,A07,Acknowledge; suggest break/alternative activity,0.0,0.0,1.2
aug_161,train,offline,disgust,thumbs_down,sitting,stationary,context,F08,Break / relief request,A07,Acknowledge; suggest break/alternative activity,0.0,0.0,1.2
aug_162,train,classroom,disgust,thumbs_down,sitting,stationary,,F08,Break / relief request,A07,Acknowledge; suggest break/alternative activity,0.0,0.0,1.2
aug_163,train,classroom,disgust,thumbs_down,sitting,stationary,,F08,Break / relief request,A07,Acknowledge; suggest break/alternative activity,0.0,0.0,1.2
aug_164,train,classroom,disgust,thumbs_down,sitting,stationary,,F08,Break / relief request,A07,Acknowledge; suggest break/alternative activity,0.0,0.0,1.2
aug_165,train,classroom,disgust,thumbs_down,sitting,stationary,,F08,Break / relief request,A07,Acknowledge; suggest break/alternative activity,0.0,0.0,1.2
aug_166,train,offline,disgust,thumbs_down,sitting,stationary,context,F08,Break / relief request,A07,Acknowledge; suggest break/alternative activity,0.0,0.0,1.2
aug_167,train,classroom,disgust,thumbs_down,sitting,stationary,,F08,Break / relief request,A07,Acknowledge; suggest break/alternative activity,0.0,0.0,1.2
aug_168,train,classroom,disgust,thumbs_down,sitting,stationary,,F08,Break / relief request,A07,Acknowledge; suggest break/alternative activity,0.0,0.0,1.2
aug_169,train,classroom,disgust,thumbs_down,sitting,stationary,,F08,Break / relief request,A07,Acknowledge; suggest break/alternative activity,0.0,0.0,1.2
aug_170,train,offline,disgust,thumbs_down,sitting,stationary,context,F08,Break / relief request,A07,Acknowledge; suggest break/alternative activity,0.0,0.0,1.2
aug_171,train,classroom,happy,wave,walking,toward_exit,,F09,Farewell,A09,Wave back; do not follow,0.0,0.0,1.5
aug_172,train,classroom,happy,wave,walking,toward_exit,,F09,Farewell,A09,Wave back; do not follow,0.0,0.0,1.5
aug_173,train,classroom,happy,wave,walking,toward_exit,,F09,Farewell,A09,Wave back; do not follow,0.0,0.0,1.5
aug_174,train,classroom,happy,wave,walking,toward_exit,,F09,Farewell,A09,Wave back; do not follow,0.0,0.0,1.5
aug_175,train,classroom,happy,wave,walking,toward_exit,,F09,Farewell,A09,Wave back; do not follow,0.0,0.0,1.5
aug_176,train,classroom,happy,wave,walking,toward_exit,,F09,Farewell,A09,Wave back; do not follow,0.0,0.0,1.5
aug_177,train,offline,happy,wave,walking,toward_exit,context,F09,Farewell,A09,Wave back; do not follow,0.0,0.0,1.5
aug_178,train,classroom,happy,wave,walking,toward_exit,,F09,Farewell,A09,Wave back; do not follow,0.0,0.0,1.5
aug_179,train,classroom,happy,wave,walking,toward_exit,,F09,Farewell,A09,Wave back; do not follow,0.0,0.0,1.5
aug_180,train,classroom,happy,wave,walking,toward_exit,,F09,Farewell,A09,Wave back; do not follow,0.0,0.0,1.5
aug_181,train,classroom,neutral,wave,walking,toward_exit,,F09,Farewell,A10,Acknowledge farewell; hold position,0.0,0.0,1.5
aug_182,train,classroom,neutral,wave,walking,toward_exit,,F09,Farewell,A10,Acknowledge farewell; hold position,0.0,0.0,1.5
aug_183,train,classroom,neutral,wave,walking,toward_exit,,F09,Farewell,A10,Acknowledge farewell; hold position,0.0,0.0,1.5
aug_184,train,offline,neutral,wave,walking,toward_exit,context,F09,Farewell,A10,Acknowledge farewell; hold position,0.0,0.0,1.5
aug_185,train,classroom,neutral,wave,walking,toward_exit,,F09,Farewell,A10,Acknowledge farewell; hold position,0.0,0.0,1.5
aug_186,train,classroom,neutral,wave,walking,toward_exit,,F09,Farewell,A10,Acknowledge farewell; hold position,0.0,0.0,1.5
aug_187,train,classroom,neutral,wave,walking,toward_exit,,F09,Farewell,A10,Acknowledge farewell; hold position,0.0,0.0,1.5
aug_188,train,classroom,neutral,wave,walking,toward_exit,,F09,Farewell,A10,Acknowledge farewell; hold position,0.0,0.0,1.5
aug_189,train,classroom,neutral,wave,walking,toward_exit,,F09,Farewell,A10,Acknowledge farewell; hold position,0.0,0.0,1.5
aug_190,train,classroom,neutral,wave,walking,toward_exit,,F09,Farewell,A10,Acknowledge farewell; hold position,0.0,0.0,1.5
aug_191,train,classroom,sad,none,sitting,stationary,,F10,Discouraged / giving up,A12,Encourage; suggest alternative approach,0.0,0.0,1.0
aug_192,train,classroom,sad,none,sitting,stationary,,F10,Discouraged / giving up,A12,Encourage; suggest alternative approach,0.0,0.0,1.0
aug_193,train,classroom,sad,none,sitting,stationary,,F10,Discouraged / giving up,A12,Encourage; suggest alternative approach,0.0,0.0,1.0
aug_194,train,classroom,sad,none,sitting,stationary,,F10,Discouraged / giving up,A12,Encourage; suggest alternative approach,0.0,0.0,1.0
aug_195,train,classroom,sad,none,sitting,stationary,,F10,Discouraged / giving up,A12,Encourage; suggest alternative approach,0.0,0.0,1.0
aug_196,train,classroom,sad,none,sitting,stationary,,F10,Discouraged / giving up,A12,Encourage; suggest alternative approach,0.0,0.0,1.0
aug_197,train,classroom,sad,none,sitting,stationary,,F10,Discouraged / giving up,A12,Encourage; suggest alternative approach,0.0,0.0,1.0
aug_198,train,offline,sad,none,sitting,stationary,context,F10,Discouraged / giving up,A12,Encourage; suggest alternative approach,0.0,0.0,1.0
aug_199,train,classroom,sad,none,sitting,stationary,,F10,Discouraged / giving up,A12,Encourage; suggest alternative approach,0.0,0.0,1.0
aug_200,train,classroom,sad,none,sitting,stationary,,F10,Discouraged / giving up,A12,Encourage; suggest alternative approach,0.0,0.0,1.0
aug_201,train,classroom,sad,none,standing,stationary,,F10,Discouraged / giving up,A12,Encourage; suggest alternative approach,0.0,0.0,1.0
aug_202,train,classroom,sad,none,standing,stationary,,F10,Discouraged / giving up,A12,Encourage; suggest alternative approach,0.0,0.0,1.0
aug_203,train,classroom,sad,none,standing,stationary,,F10,Discouraged / giving up,A12,Encourage; suggest alternative approach,0.0,0.0,1.0
aug_204,train,classroom,sad,none,standing,stationary,,F10,Discouraged / giving up,A12,Encourage; suggest alternative approach,0.0,0.0,1.0
aug_205,train,classroom,sad,none,standing,stationary,,F10,Discouraged / giving up,A12,Encourage; suggest alternative approach,0.0,0.0,1.0
aug_206,train,classroom,sad,none,standing,stationary,,F10,Discouraged / giving up,A12,Encourage; suggest alternative approach,0.0,0.0,1.0
aug_207,train,classroom,sad,none,standing,stationary,,F10,Discouraged / giving up,A12,Encourage; suggest alternative approach,0.0,0.0,1.0
aug_208,train,offline,sad,none,standing,stationary,context,F10,Discouraged / giving up,A12,Encourage; suggest alternative approach,0.0,0.0,1.0
aug_209,train,classroom,sad,none,standing,stationary,,F10,Discouraged / giving up,A12,Encourage; suggest alternative approach,0.0,0.0,1.0
aug_210,train,classroom,sad,none,standing,stationary,,F10,Discouraged / giving up,A12,Encourage; suggest alternative approach,0.0,0.0,1.0
22,test,classroom,MISSING,wave,walking,toward_robot,emotion,F01,Greeting / positive acknowledgment,A01,Positive acknowledgment; prompt/prepare next task,0.0,0.0,1.0
23,test,classroom,fear,MISSING,walking,toward_exit,gesture,F02,Emergency / danger,A14,Halt risky action; check surroundings; notify supervisor,0.0,0.1,1.8
24,test,classroom,neutral,beckoning,walking,toward_object,context,F03,Task assistance request,A13,Follow; offer to fetch/carry,0.4,0.2,1.0
25,test,classroom,MISSING,raise_hand,standing,stationary,emotion,F04,Help request,A15,Ask clarifying question,0.0,0.0,1.0
26,test,classroom,neutral,both_hands_up,sitting,stationary,,F05,Engaged / busy - no interaction needed,A06,Hold position; do not interrupt; stay aware,0.0,0.0,1.5
27,test,classroom,angry,point,walking,toward_robot,,F06,Requests passage / space,A11,Move aside promptly; clear path,0.3,0.5,0.5
28,test,classroom,angry,thumbs_up,sitting,stationary,,F07,Frustration / agitation,A08,"Calm assistance, soft tone (de-escalation)",0.0,0.05,1.5
29,test,classroom,disgust,thumbs_up,sitting,stationary,,F08,Break / relief request,A07,Acknowledge; suggest break/alternative activity,0.0,0.0,1.2
30,test,classroom,MISSING,wave,walking,toward_exit,emotion,F09,Farewell,A09,Wave back; do not follow,0.0,0.0,1.5
31,test,classroom,sad,none,standing,stationary,,F10,Discouraged / giving up,A12,Encourage; suggest alternative approach,0.0,0.0,1.0
aug_211,train,kitchen,happy,thumbs_up,standing,stationary,,F01,Greeting / positive acknowledgment,A01,Positive acknowledgment; prompt/prepare next task,0.0,0.0,1.0
aug_212,train,kitchen,happy,thumbs_up,standing,stationary,,F01,Greeting / positive acknowledgment,A01,Positive acknowledgment; prompt/prepare next task,0.0,0.0,1.0
aug_213,train,kitchen,happy,thumbs_up,standing,stationary,,F01,Greeting / positive acknowledgment,A01,Positive acknowledgment; prompt/prepare next task,0.0,0.0,1.0
aug_214,train,kitchen,happy,thumbs_up,standing,stationary,,F01,Greeting / positive acknowledgment,A01,Positive acknowledgment; prompt/prepare next task,0.0,0.0,1.0
aug_215,train,kitchen,happy,thumbs_up,standing,stationary,,F01,Greeting / positive acknowledgment,A01,Positive acknowledgment; prompt/prepare next task,0.0,0.0,1.0
aug_216,train,kitchen,happy,thumbs_up,standing,stationary,,F01,Greeting / positive acknowledgment,A01,Positive acknowledgment; prompt/prepare next task,0.0,0.0,1.0
aug_217,train,kitchen,happy,thumbs_up,standing,stationary,,F01,Greeting / positive acknowledgment,A01,Positive acknowledgment; prompt/prepare next task,0.0,0.0,1.0
aug_218,train,kitchen,happy,thumbs_up,standing,stationary,,F01,Greeting / positive acknowledgment,A01,Positive acknowledgment; prompt/prepare next task,0.0,0.0,1.0
aug_219,train,kitchen,happy,thumbs_up,standing,stationary,,F01,Greeting / positive acknowledgment,A01,Positive acknowledgment; prompt/prepare next task,0.0,0.0,1.0
aug_220,train,kitchen,happy,thumbs_up,standing,stationary,,F01,Greeting / positive acknowledgment,A01,Positive acknowledgment; prompt/prepare next task,0.0,0.0,1.0
aug_221,train,kitchen,happy,thumbs_down,standing,stationary,,F01,Greeting / positive acknowledgment,A01,Positive acknowledgment; prompt/prepare next task,0.0,0.0,1.0
aug_222,train,kitchen,happy,thumbs_down,standing,stationary,,F01,Greeting / positive acknowledgment,A01,Positive acknowledgment; prompt/prepare next task,0.0,0.0,1.0
aug_223,train,kitchen,happy,thumbs_down,standing,stationary,,F01,Greeting / positive acknowledgment,A01,Positive acknowledgment; prompt/prepare next task,0.0,0.0,1.0
aug_224,train,kitchen,happy,thumbs_down,standing,stationary,,F01,Greeting / positive acknowledgment,A01,Positive acknowledgment; prompt/prepare next task,0.0,0.0,1.0
aug_225,train,offline,happy,thumbs_down,standing,stationary,context,F01,Greeting / positive acknowledgment,A01,Positive acknowledgment; prompt/prepare next task,0.0,0.0,1.0
aug_226,train,kitchen,happy,thumbs_down,standing,stationary,,F01,Greeting / positive acknowledgment,A01,Positive acknowledgment; prompt/prepare next task,0.0,0.0,1.0
aug_227,train,kitchen,happy,thumbs_down,standing,stationary,,F01,Greeting / positive acknowledgment,A01,Positive acknowledgment; prompt/prepare next task,0.0,0.0,1.0
aug_228,train,kitchen,happy,thumbs_down,standing,stationary,,F01,Greeting / positive acknowledgment,A01,Positive acknowledgment; prompt/prepare next task,0.0,0.0,1.0
aug_229,train,kitchen,happy,thumbs_down,standing,stationary,,F01,Greeting / positive acknowledgment,A01,Positive acknowledgment; prompt/prepare next task,0.0,0.0,1.0
aug_230,train,kitchen,happy,thumbs_down,standing,stationary,,F01,Greeting / positive acknowledgment,A01,Positive acknowledgment; prompt/prepare next task,0.0,0.0,1.0
aug_231,train,offline,fear,both_hands_up,walking,away_from_robot,context,F02,Emergency / danger,A02,Halt all motion + fire/smoke alert,0.0,0.0,2.0
aug_232,train,kitchen,fear,both_hands_up,walking,away_from_robot,,F02,Emergency / danger,A02,Halt all motion + fire/smoke alert,0.0,0.0,2.0
aug_233,train,kitchen,fear,both_hands_up,walking,away_from_robot,,F02,Emergency / danger,A02,Halt all motion + fire/smoke alert,0.0,0.0,2.0
aug_234,train,kitchen,fear,both_hands_up,walking,away_from_robot,,F02,Emergency / danger,A02,Halt all motion + fire/smoke alert,0.0,0.0,2.0
aug_235,train,kitchen,fear,both_hands_up,walking,away_from_robot,,F02,Emergency / danger,A02,Halt all motion + fire/smoke alert,0.0,0.0,2.0
aug_236,train,offline,fear,both_hands_up,walking,away_from_robot,context,F02,Emergency / danger,A02,Halt all motion + fire/smoke alert,0.0,0.0,2.0
aug_237,train,kitchen,fear,both_hands_up,walking,away_from_robot,,F02,Emergency / danger,A02,Halt all motion + fire/smoke alert,0.0,0.0,2.0
aug_238,train,kitchen,fear,both_hands_up,walking,away_from_robot,,F02,Emergency / danger,A02,Halt all motion + fire/smoke alert,0.0,0.0,2.0
aug_239,train,kitchen,fear,both_hands_up,walking,away_from_robot,,F02,Emergency / danger,A02,Halt all motion + fire/smoke alert,0.0,0.0,2.0
aug_240,train,kitchen,fear,both_hands_up,walking,away_from_robot,,F02,Emergency / danger,A02,Halt all motion + fire/smoke alert,0.0,0.0,2.0
aug_241,train,kitchen,surprise,both_hands_up,stepping_back,away_from_robot,,F02,Emergency / danger,A02,Halt all motion + fire/smoke alert,0.0,0.0,2.0
aug_242,train,kitchen,surprise,both_hands_up,stepping_back,away_from_robot,,F02,Emergency / danger,A02,Halt all motion + fire/smoke alert,0.0,0.0,2.0
aug_243,train,kitchen,surprise,both_hands_up,stepping_back,away_from_robot,,F02,Emergency / danger,A02,Halt all motion + fire/smoke alert,0.0,0.0,2.0
aug_244,train,kitchen,surprise,both_hands_up,stepping_back,away_from_robot,,F02,Emergency / danger,A02,Halt all motion + fire/smoke alert,0.0,0.0,2.0
aug_245,train,kitchen,surprise,both_hands_up,stepping_back,away_from_robot,,F02,Emergency / danger,A02,Halt all motion + fire/smoke alert,0.0,0.0,2.0
aug_246,train,kitchen,surprise,both_hands_up,stepping_back,away_from_robot,,F02,Emergency / danger,A02,Halt all motion + fire/smoke alert,0.0,0.0,2.0
aug_247,train,kitchen,surprise,both_hands_up,stepping_back,away_from_robot,,F02,Emergency / danger,A02,Halt all motion + fire/smoke alert,0.0,0.0,2.0
aug_248,train,kitchen,surprise,both_hands_up,stepping_back,away_from_robot,,F02,Emergency / danger,A02,Halt all motion + fire/smoke alert,0.0,0.0,2.0
aug_249,train,kitchen,surprise,both_hands_up,stepping_back,away_from_robot,,F02,Emergency / danger,A02,Halt all motion + fire/smoke alert,0.0,0.0,2.0
aug_250,train,kitchen,surprise,both_hands_up,stepping_back,away_from_robot,,F02,Emergency / danger,A02,Halt all motion + fire/smoke alert,0.0,0.0,2.0
aug_251,train,kitchen,neutral,beckoning,walking,toward_object,,F03,Task assistance request,A04,Approach/follow to indicated spot; await instruction,0.3,0.2,0.8
aug_252,train,kitchen,neutral,beckoning,walking,toward_object,,F03,Task assistance request,A04,Approach/follow to indicated spot; await instruction,0.3,0.2,0.8
aug_253,train,offline,neutral,beckoning,walking,toward_object,context,F03,Task assistance request,A04,Approach/follow to indicated spot; await instruction,0.3,0.2,0.8
aug_254,train,kitchen,neutral,beckoning,walking,toward_object,,F03,Task assistance request,A04,Approach/follow to indicated spot; await instruction,0.3,0.2,0.8
aug_255,train,kitchen,neutral,beckoning,walking,toward_object,,F03,Task assistance request,A04,Approach/follow to indicated spot; await instruction,0.3,0.2,0.8
aug_256,train,kitchen,neutral,beckoning,walking,toward_object,,F03,Task assistance request,A04,Approach/follow to indicated spot; await instruction,0.3,0.2,0.8
aug_257,train,offline,neutral,beckoning,walking,toward_object,context,F03,Task assistance request,A04,Approach/follow to indicated spot; await instruction,0.3,0.2,0.8
aug_258,train,kitchen,neutral,beckoning,walking,toward_object,,F03,Task assistance request,A04,Approach/follow to indicated spot; await instruction,0.3,0.2,0.8
aug_259,train,kitchen,neutral,beckoning,walking,toward_object,,F03,Task assistance request,A04,Approach/follow to indicated spot; await instruction,0.3,0.2,0.8
aug_260,train,kitchen,neutral,beckoning,walking,toward_object,,F03,Task assistance request,A04,Approach/follow to indicated spot; await instruction,0.3,0.2,0.8
aug_261,train,kitchen,neutral,point,walking,toward_object,,F03,Task assistance request,A13,Follow; offer to fetch/carry,0.4,0.2,1.0
aug_262,train,kitchen,neutral,point,walking,toward_object,,F03,Task assistance request,A13,Follow; offer to fetch/carry,0.4,0.2,1.0
aug_263,train,kitchen,neutral,point,walking,toward_object,,F03,Task assistance request,A13,Follow; offer to fetch/carry,0.4,0.2,1.0
aug_264,train,kitchen,neutral,point,walking,toward_object,,F03,Task assistance request,A13,Follow; offer to fetch/carry,0.4,0.2,1.0
aug_265,train,kitchen,neutral,point,walking,toward_object,,F03,Task assistance request,A13,Follow; offer to fetch/carry,0.4,0.2,1.0
aug_266,train,kitchen,neutral,point,walking,toward_object,,F03,Task assistance request,A13,Follow; offer to fetch/carry,0.4,0.2,1.0
aug_267,train,kitchen,neutral,point,walking,toward_object,,F03,Task assistance request,A13,Follow; offer to fetch/carry,0.4,0.2,1.0
aug_268,train,kitchen,neutral,point,walking,toward_object,,F03,Task assistance request,A13,Follow; offer to fetch/carry,0.4,0.2,1.0
aug_269,train,kitchen,neutral,point,walking,toward_object,,F03,Task assistance request,A13,Follow; offer to fetch/carry,0.4,0.2,1.0
aug_270,train,offline,neutral,point,walking,toward_object,context,F03,Task assistance request,A13,Follow; offer to fetch/carry,0.4,0.2,1.0
aug_271,train,kitchen,sad,thumbs_down,sitting,stationary,,F04,Help request,A05,"Offer task guidance / answer, supportive tone",0.0,0.1,1.0
aug_272,train,kitchen,sad,thumbs_down,sitting,stationary,,F04,Help request,A05,"Offer task guidance / answer, supportive tone",0.0,0.1,1.0
aug_273,train,kitchen,sad,thumbs_down,sitting,stationary,,F04,Help request,A05,"Offer task guidance / answer, supportive tone",0.0,0.1,1.0
aug_274,train,kitchen,sad,thumbs_down,sitting,stationary,,F04,Help request,A05,"Offer task guidance / answer, supportive tone",0.0,0.1,1.0
aug_275,train,offline,sad,thumbs_down,sitting,stationary,context,F04,Help request,A05,"Offer task guidance / answer, supportive tone",0.0,0.1,1.0
aug_276,train,offline,sad,thumbs_down,sitting,stationary,context,F04,Help request,A05,"Offer task guidance / answer, supportive tone",0.0,0.1,1.0
aug_277,train,offline,sad,thumbs_down,sitting,stationary,context,F04,Help request,A05,"Offer task guidance / answer, supportive tone",0.0,0.1,1.0
aug_278,train,kitchen,sad,thumbs_down,sitting,stationary,,F04,Help request,A05,"Offer task guidance / answer, supportive tone",0.0,0.1,1.0
aug_279,train,kitchen,sad,thumbs_down,sitting,stationary,,F04,Help request,A05,"Offer task guidance / answer, supportive tone",0.0,0.1,1.0
aug_280,train,kitchen,sad,thumbs_down,sitting,stationary,,F04,Help request,A05,"Offer task guidance / answer, supportive tone",0.0,0.1,1.0
aug_281,train,kitchen,sad,beckoning,standing,stationary,,F04,Help request,A05,"Offer task guidance / answer, supportive tone",0.0,0.1,1.0
aug_282,train,kitchen,sad,beckoning,standing,stationary,,F04,Help request,A05,"Offer task guidance / answer, supportive tone",0.0,0.1,1.0
aug_283,train,kitchen,sad,beckoning,standing,stationary,,F04,Help request,A05,"Offer task guidance / answer, supportive tone",0.0,0.1,1.0
aug_284,train,kitchen,sad,beckoning,standing,stationary,,F04,Help request,A05,"Offer task guidance / answer, supportive tone",0.0,0.1,1.0
aug_285,train,kitchen,sad,beckoning,standing,stationary,,F04,Help request,A05,"Offer task guidance / answer, supportive tone",0.0,0.1,1.0
aug_286,train,kitchen,sad,beckoning,standing,stationary,,F04,Help request,A05,"Offer task guidance / answer, supportive tone",0.0,0.1,1.0
aug_287,train,kitchen,sad,beckoning,standing,stationary,,F04,Help request,A05,"Offer task guidance / answer, supportive tone",0.0,0.1,1.0
aug_288,train,offline,sad,beckoning,standing,stationary,context,F04,Help request,A05,"Offer task guidance / answer, supportive tone",0.0,0.1,1.0
aug_289,train,kitchen,sad,beckoning,standing,stationary,,F04,Help request,A05,"Offer task guidance / answer, supportive tone",0.0,0.1,1.0
aug_290,train,kitchen,sad,beckoning,standing,stationary,,F04,Help request,A05,"Offer task guidance / answer, supportive tone",0.0,0.1,1.0
aug_291,train,offline,neutral,none,standing,stationary,context,F05,Engaged / busy - no interaction needed,A06,Hold position; do not interrupt; stay aware,0.0,0.0,1.5
aug_292,train,kitchen,neutral,none,standing,stationary,,F05,Engaged / busy - no interaction needed,A06,Hold position; do not interrupt; stay aware,0.0,0.0,1.5
aug_293,train,kitchen,neutral,none,standing,stationary,,F05,Engaged / busy - no interaction needed,A06,Hold position; do not interrupt; stay aware,0.0,0.0,1.5
aug_294,train,kitchen,neutral,none,standing,stationary,,F05,Engaged / busy - no interaction needed,A06,Hold position; do not interrupt; stay aware,0.0,0.0,1.5
aug_295,train,kitchen,neutral,none,standing,stationary,,F05,Engaged / busy - no interaction needed,A06,Hold position; do not interrupt; stay aware,0.0,0.0,1.5
aug_296,train,kitchen,neutral,none,standing,stationary,,F05,Engaged / busy - no interaction needed,A06,Hold position; do not interrupt; stay aware,0.0,0.0,1.5
aug_297,train,kitchen,neutral,none,standing,stationary,,F05,Engaged / busy - no interaction needed,A06,Hold position; do not interrupt; stay aware,0.0,0.0,1.5
aug_298,train,offline,neutral,none,standing,stationary,context,F05,Engaged / busy - no interaction needed,A06,Hold position; do not interrupt; stay aware,0.0,0.0,1.5
aug_299,train,offline,neutral,none,standing,stationary,context,F05,Engaged / busy - no interaction needed,A06,Hold position; do not interrupt; stay aware,0.0,0.0,1.5
aug_300,train,kitchen,neutral,none,standing,stationary,,F05,Engaged / busy - no interaction needed,A06,Hold position; do not interrupt; stay aware,0.0,0.0,1.5
aug_301,train,kitchen,neutral,none,standing,stationary,,F05,Engaged / busy - no interaction needed,A06,Hold position; do not interrupt; stay aware,0.0,0.0,1.5
aug_302,train,kitchen,neutral,none,standing,stationary,,F05,Engaged / busy - no interaction needed,A06,Hold position; do not interrupt; stay aware,0.0,0.0,1.5
aug_303,train,kitchen,neutral,none,standing,stationary,,F05,Engaged / busy - no interaction needed,A06,Hold position; do not interrupt; stay aware,0.0,0.0,1.5
aug_304,train,kitchen,neutral,none,standing,stationary,,F05,Engaged / busy - no interaction needed,A06,Hold position; do not interrupt; stay aware,0.0,0.0,1.5
aug_305,train,offline,neutral,none,standing,stationary,context,F05,Engaged / busy - no interaction needed,A06,Hold position; do not interrupt; stay aware,0.0,0.0,1.5
aug_306,train,offline,neutral,none,standing,stationary,context,F05,Engaged / busy - no interaction needed,A06,Hold position; do not interrupt; stay aware,0.0,0.0,1.5
aug_307,train,kitchen,neutral,none,standing,stationary,,F05,Engaged / busy - no interaction needed,A06,Hold position; do not interrupt; stay aware,0.0,0.0,1.5
aug_308,train,kitchen,neutral,none,standing,stationary,,F05,Engaged / busy - no interaction needed,A06,Hold position; do not interrupt; stay aware,0.0,0.0,1.5
aug_309,train,kitchen,neutral,none,standing,stationary,,F05,Engaged / busy - no interaction needed,A06,Hold position; do not interrupt; stay aware,0.0,0.0,1.5
aug_310,train,kitchen,neutral,none,standing,stationary,,F05,Engaged / busy - no interaction needed,A06,Hold position; do not interrupt; stay aware,0.0,0.0,1.5
aug_311,train,kitchen,disgust,point,stepping_back,away_from_robot,,F06,Requests passage / space,A11,Move aside promptly; clear path,0.3,0.5,0.5
aug_312,train,kitchen,disgust,point,stepping_back,away_from_robot,,F06,Requests passage / space,A11,Move aside promptly; clear path,0.3,0.5,0.5
aug_313,train,kitchen,disgust,point,stepping_back,away_from_robot,,F06,Requests passage / space,A11,Move aside promptly; clear path,0.3,0.5,0.5
aug_314,train,offline,disgust,point,stepping_back,away_from_robot,context,F06,Requests passage / space,A11,Move aside promptly; clear path,0.3,0.5,0.5
aug_315,train,kitchen,disgust,point,stepping_back,away_from_robot,,F06,Requests passage / space,A11,Move aside promptly; clear path,0.3,0.5,0.5
aug_316,train,kitchen,disgust,point,stepping_back,away_from_robot,,F06,Requests passage / space,A11,Move aside promptly; clear path,0.3,0.5,0.5
aug_317,train,kitchen,disgust,point,stepping_back,away_from_robot,,F06,Requests passage / space,A11,Move aside promptly; clear path,0.3,0.5,0.5
aug_318,train,kitchen,disgust,point,stepping_back,away_from_robot,,F06,Requests passage / space,A11,Move aside promptly; clear path,0.3,0.5,0.5
aug_319,train,kitchen,disgust,point,stepping_back,away_from_robot,,F06,Requests passage / space,A11,Move aside promptly; clear path,0.3,0.5,0.5
aug_320,train,kitchen,disgust,point,stepping_back,away_from_robot,,F06,Requests passage / space,A11,Move aside promptly; clear path,0.3,0.5,0.5
aug_321,train,kitchen,neutral,MISSING,walking,toward_robot,gesture,F06,Requests passage / space,A11,Move aside promptly; clear path,0.3,0.5,0.5
aug_322,train,kitchen,neutral,MISSING,walking,toward_robot,gesture,F06,Requests passage / space,A11,Move aside promptly; clear path,0.3,0.5,0.5
aug_323,train,kitchen,neutral,MISSING,walking,toward_robot,gesture,F06,Requests passage / space,A11,Move aside promptly; clear path,0.3,0.5,0.5
aug_324,train,kitchen,neutral,MISSING,walking,toward_robot,gesture,F06,Requests passage / space,A11,Move aside promptly; clear path,0.3,0.5,0.5
aug_325,train,offline,neutral,MISSING,walking,toward_robot,"gesture,context",F06,Requests passage / space,A11,Move aside promptly; clear path,0.3,0.5,0.5
aug_326,train,kitchen,neutral,MISSING,walking,toward_robot,gesture,F06,Requests passage / space,A11,Move aside promptly; clear path,0.3,0.5,0.5
aug_327,train,kitchen,neutral,MISSING,walking,toward_robot,gesture,F06,Requests passage / space,A11,Move aside promptly; clear path,0.3,0.5,0.5
aug_328,train,kitchen,neutral,MISSING,walking,toward_robot,gesture,F06,Requests passage / space,A11,Move aside promptly; clear path,0.3,0.5,0.5
aug_329,train,kitchen,neutral,MISSING,walking,toward_robot,gesture,F06,Requests passage / space,A11,Move aside promptly; clear path,0.3,0.5,0.5
aug_330,train,kitchen,neutral,MISSING,walking,toward_robot,gesture,F06,Requests passage / space,A11,Move aside promptly; clear path,0.3,0.5,0.5
aug_331,train,kitchen,angry,both_hands_up,standing,stationary,,F07,Frustration / agitation,A08,"Calm assistance, soft tone (de-escalation)",0.0,0.05,1.5
aug_332,train,kitchen,angry,both_hands_up,standing,stationary,,F07,Frustration / agitation,A08,"Calm assistance, soft tone (de-escalation)",0.0,0.05,1.5
aug_333,train,kitchen,angry,both_hands_up,standing,stationary,,F07,Frustration / agitation,A08,"Calm assistance, soft tone (de-escalation)",0.0,0.05,1.5
aug_334,train,offline,angry,both_hands_up,standing,stationary,context,F07,Frustration / agitation,A08,"Calm assistance, soft tone (de-escalation)",0.0,0.05,1.5
aug_335,train,kitchen,angry,both_hands_up,standing,stationary,,F07,Frustration / agitation,A08,"Calm assistance, soft tone (de-escalation)",0.0,0.05,1.5
aug_336,train,kitchen,angry,both_hands_up,standing,stationary,,F07,Frustration / agitation,A08,"Calm assistance, soft tone (de-escalation)",0.0,0.05,1.5
aug_337,train,kitchen,angry,both_hands_up,standing,stationary,,F07,Frustration / agitation,A08,"Calm assistance, soft tone (de-escalation)",0.0,0.05,1.5
aug_338,train,kitchen,angry,both_hands_up,standing,stationary,,F07,Frustration / agitation,A08,"Calm assistance, soft tone (de-escalation)",0.0,0.05,1.5
aug_339,train,kitchen,angry,both_hands_up,standing,stationary,,F07,Frustration / agitation,A08,"Calm assistance, soft tone (de-escalation)",0.0,0.05,1.5
aug_340,train,kitchen,angry,both_hands_up,standing,stationary,,F07,Frustration / agitation,A08,"Calm assistance, soft tone (de-escalation)",0.0,0.05,1.5
aug_341,train,kitchen,angry,point,standing,stationary,,F07,Frustration / agitation,A08,"Calm assistance, soft tone (de-escalation)",0.0,0.05,1.5
aug_342,train,kitchen,angry,point,standing,stationary,,F07,Frustration / agitation,A08,"Calm assistance, soft tone (de-escalation)",0.0,0.05,1.5
aug_343,train,offline,angry,point,standing,stationary,context,F07,Frustration / agitation,A08,"Calm assistance, soft tone (de-escalation)",0.0,0.05,1.5
aug_344,train,kitchen,angry,point,standing,stationary,,F07,Frustration / agitation,A08,"Calm assistance, soft tone (de-escalation)",0.0,0.05,1.5
aug_345,train,kitchen,angry,point,standing,stationary,,F07,Frustration / agitation,A08,"Calm assistance, soft tone (de-escalation)",0.0,0.05,1.5
aug_346,train,kitchen,angry,point,standing,stationary,,F07,Frustration / agitation,A08,"Calm assistance, soft tone (de-escalation)",0.0,0.05,1.5
aug_347,train,kitchen,angry,point,standing,stationary,,F07,Frustration / agitation,A08,"Calm assistance, soft tone (de-escalation)",0.0,0.05,1.5
aug_348,train,kitchen,angry,point,standing,stationary,,F07,Frustration / agitation,A08,"Calm assistance, soft tone (de-escalation)",0.0,0.05,1.5
aug_349,train,kitchen,angry,point,standing,stationary,,F07,Frustration / agitation,A08,"Calm assistance, soft tone (de-escalation)",0.0,0.05,1.5
aug_350,train,kitchen,angry,point,standing,stationary,,F07,Frustration / agitation,A08,"Calm assistance, soft tone (de-escalation)",0.0,0.05,1.5
aug_351,train,kitchen,disgust,thumbs_down,stepping_back,away_from_robot,,F08,Break / relief request,A07,Acknowledge; suggest break/alternative activity,0.0,0.0,1.2
aug_352,train,kitchen,disgust,thumbs_down,stepping_back,away_from_robot,,F08,Break / relief request,A07,Acknowledge; suggest break/alternative activity,0.0,0.0,1.2
aug_353,train,kitchen,disgust,thumbs_down,stepping_back,away_from_robot,,F08,Break / relief request,A07,Acknowledge; suggest break/alternative activity,0.0,0.0,1.2
aug_354,train,offline,disgust,thumbs_down,stepping_back,away_from_robot,context,F08,Break / relief request,A07,Acknowledge; suggest break/alternative activity,0.0,0.0,1.2
aug_355,train,kitchen,disgust,thumbs_down,stepping_back,away_from_robot,,F08,Break / relief request,A07,Acknowledge; suggest break/alternative activity,0.0,0.0,1.2
aug_356,train,kitchen,disgust,thumbs_down,stepping_back,away_from_robot,,F08,Break / relief request,A07,Acknowledge; suggest break/alternative activity,0.0,0.0,1.2
aug_357,train,kitchen,disgust,thumbs_down,stepping_back,away_from_robot,,F08,Break / relief request,A07,Acknowledge; suggest break/alternative activity,0.0,0.0,1.2
aug_358,train,kitchen,disgust,thumbs_down,stepping_back,away_from_robot,,F08,Break / relief request,A07,Acknowledge; suggest break/alternative activity,0.0,0.0,1.2
aug_359,train,offline,disgust,thumbs_down,stepping_back,away_from_robot,context,F08,Break / relief request,A07,Acknowledge; suggest break/alternative activity,0.0,0.0,1.2
aug_360,train,kitchen,disgust,thumbs_down,stepping_back,away_from_robot,,F08,Break / relief request,A07,Acknowledge; suggest break/alternative activity,0.0,0.0,1.2
aug_361,train,kitchen,disgust,thumbs_down,standing,stationary,,F08,Break / relief request,A07,Acknowledge; suggest break/alternative activity,0.0,0.0,1.2
aug_362,train,kitchen,disgust,thumbs_down,standing,stationary,,F08,Break / relief request,A07,Acknowledge; suggest break/alternative activity,0.0,0.0,1.2
aug_363,train,kitchen,disgust,thumbs_down,standing,stationary,,F08,Break / relief request,A07,Acknowledge; suggest break/alternative activity,0.0,0.0,1.2
aug_364,train,kitchen,disgust,thumbs_down,standing,stationary,,F08,Break / relief request,A07,Acknowledge; suggest break/alternative activity,0.0,0.0,1.2
aug_365,train,kitchen,disgust,thumbs_down,standing,stationary,,F08,Break / relief request,A07,Acknowledge; suggest break/alternative activity,0.0,0.0,1.2
aug_366,train,kitchen,disgust,thumbs_down,standing,stationary,,F08,Break / relief request,A07,Acknowledge; suggest break/alternative activity,0.0,0.0,1.2
aug_367,train,kitchen,disgust,thumbs_down,standing,stationary,,F08,Break / relief request,A07,Acknowledge; suggest break/alternative activity,0.0,0.0,1.2
aug_368,train,kitchen,disgust,thumbs_down,standing,stationary,,F08,Break / relief request,A07,Acknowledge; suggest break/alternative activity,0.0,0.0,1.2
aug_369,train,offline,disgust,thumbs_down,standing,stationary,context,F08,Break / relief request,A07,Acknowledge; suggest break/alternative activity,0.0,0.0,1.2
aug_370,train,kitchen,disgust,thumbs_down,standing,stationary,,F08,Break / relief request,A07,Acknowledge; suggest break/alternative activity,0.0,0.0,1.2
aug_371,train,kitchen,happy,wave,walking,toward_exit,,F09,Farewell,A09,Wave back; do not follow,0.0,0.0,1.5
aug_372,train,kitchen,happy,wave,walking,toward_exit,,F09,Farewell,A09,Wave back; do not follow,0.0,0.0,1.5
aug_373,train,kitchen,happy,wave,walking,toward_exit,,F09,Farewell,A09,Wave back; do not follow,0.0,0.0,1.5
aug_374,train,kitchen,happy,wave,walking,toward_exit,,F09,Farewell,A09,Wave back; do not follow,0.0,0.0,1.5
aug_375,train,kitchen,happy,wave,walking,toward_exit,,F09,Farewell,A09,Wave back; do not follow,0.0,0.0,1.5
aug_376,train,offline,happy,wave,walking,toward_exit,context,F09,Farewell,A09,Wave back; do not follow,0.0,0.0,1.5
aug_377,train,kitchen,happy,wave,walking,toward_exit,,F09,Farewell,A09,Wave back; do not follow,0.0,0.0,1.5
aug_378,train,kitchen,happy,wave,walking,toward_exit,,F09,Farewell,A09,Wave back; do not follow,0.0,0.0,1.5
aug_379,train,kitchen,happy,wave,walking,toward_exit,,F09,Farewell,A09,Wave back; do not follow,0.0,0.0,1.5
aug_380,train,kitchen,happy,wave,walking,toward_exit,,F09,Farewell,A09,Wave back; do not follow,0.0,0.0,1.5
aug_381,train,kitchen,MISSING,wave,walking,toward_exit,emotion,F09,Farewell,A10,Acknowledge farewell; hold position,0.0,0.0,1.5
aug_382,train,kitchen,MISSING,wave,walking,toward_exit,emotion,F09,Farewell,A10,Acknowledge farewell; hold position,0.0,0.0,1.5
aug_383,train,kitchen,MISSING,wave,walking,toward_exit,emotion,F09,Farewell,A10,Acknowledge farewell; hold position,0.0,0.0,1.5
aug_384,train,kitchen,MISSING,wave,walking,toward_exit,emotion,F09,Farewell,A10,Acknowledge farewell; hold position,0.0,0.0,1.5
aug_385,train,kitchen,MISSING,wave,walking,toward_exit,emotion,F09,Farewell,A10,Acknowledge farewell; hold position,0.0,0.0,1.5
aug_386,train,kitchen,MISSING,wave,walking,toward_exit,emotion,F09,Farewell,A10,Acknowledge farewell; hold position,0.0,0.0,1.5
aug_387,train,offline,MISSING,wave,walking,toward_exit,"emotion,context",F09,Farewell,A10,Acknowledge farewell; hold position,0.0,0.0,1.5
aug_388,train,kitchen,MISSING,wave,walking,toward_exit,emotion,F09,Farewell,A10,Acknowledge farewell; hold position,0.0,0.0,1.5
aug_389,train,kitchen,MISSING,wave,walking,toward_exit,emotion,F09,Farewell,A10,Acknowledge farewell; hold position,0.0,0.0,1.5
aug_390,train,kitchen,MISSING,wave,walking,toward_exit,emotion,F09,Farewell,A10,Acknowledge farewell; hold position,0.0,0.0,1.5
aug_391,train,kitchen,sad,none,sitting,stationary,,F10,Discouraged / giving up,A12,Encourage; suggest alternative approach,0.0,0.0,1.0
aug_392,train,kitchen,sad,none,sitting,stationary,,F10,Discouraged / giving up,A12,Encourage; suggest alternative approach,0.0,0.0,1.0
aug_393,train,kitchen,sad,none,sitting,stationary,,F10,Discouraged / giving up,A12,Encourage; suggest alternative approach,0.0,0.0,1.0
aug_394,train,kitchen,sad,none,sitting,stationary,,F10,Discouraged / giving up,A12,Encourage; suggest alternative approach,0.0,0.0,1.0
aug_395,train,offline,sad,none,sitting,stationary,context,F10,Discouraged / giving up,A12,Encourage; suggest alternative approach,0.0,0.0,1.0
aug_396,train,kitchen,sad,none,sitting,stationary,,F10,Discouraged / giving up,A12,Encourage; suggest alternative approach,0.0,0.0,1.0
aug_397,train,kitchen,sad,none,sitting,stationary,,F10,Discouraged / giving up,A12,Encourage; suggest alternative approach,0.0,0.0,1.0
aug_398,train,kitchen,sad,none,sitting,stationary,,F10,Discouraged / giving up,A12,Encourage; suggest alternative approach,0.0,0.0,1.0
aug_399,train,kitchen,sad,none,sitting,stationary,,F10,Discouraged / giving up,A12,Encourage; suggest alternative approach,0.0,0.0,1.0
aug_400,train,kitchen,sad,none,sitting,stationary,,F10,Discouraged / giving up,A12,Encourage; suggest alternative approach,0.0,0.0,1.0
aug_401,train,kitchen,sad,none,standing,stationary,,F10,Discouraged / giving up,A12,Encourage; suggest alternative approach,0.0,0.0,1.0
aug_402,train,kitchen,sad,none,standing,stationary,,F10,Discouraged / giving up,A12,Encourage; suggest alternative approach,0.0,0.0,1.0
aug_403,train,kitchen,sad,none,standing,stationary,,F10,Discouraged / giving up,A12,Encourage; suggest alternative approach,0.0,0.0,1.0
aug_404,train,kitchen,sad,none,standing,stationary,,F10,Discouraged / giving up,A12,Encourage; suggest alternative approach,0.0,0.0,1.0
aug_405,train,kitchen,sad,none,standing,stationary,,F10,Discouraged / giving up,A12,Encourage; suggest alternative approach,0.0,0.0,1.0
aug_406,train,kitchen,sad,none,standing,stationary,,F10,Discouraged / giving up,A12,Encourage; suggest alternative approach,0.0,0.0,1.0
aug_407,train,offline,sad,none,standing,stationary,context,F10,Discouraged / giving up,A12,Encourage; suggest alternative approach,0.0,0.0,1.0
aug_408,train,kitchen,sad,none,standing,stationary,,F10,Discouraged / giving up,A12,Encourage; suggest alternative approach,0.0,0.0,1.0
aug_409,train,kitchen,sad,none,standing,stationary,,F10,Discouraged / giving up,A12,Encourage; suggest alternative approach,0.0,0.0,1.0
aug_410,train,kitchen,sad,none,standing,stationary,,F10,Discouraged / giving up,A12,Encourage; suggest alternative approach,0.0,0.0,1.0
52,test,kitchen,happy,raise_hand,sitting,stationary,,F01,Greeting / positive acknowledgment,A01,Positive acknowledgment; prompt/prepare next task,0.0,0.0,1.0
53,test,kitchen,fear,MISSING,walking,toward_exit,gesture,F02,Emergency / danger,A02,Halt all motion + fire/smoke alert,0.0,0.0,2.0
54,test,kitchen,fear,none,standing,stationary,,F02,Emergency / danger,A02,Halt all motion + fire/smoke alert,0.0,0.0,2.0
55,test,kitchen,happy,point,walking,toward_object,,F03,Task assistance request,A13,Follow; offer to fetch/carry,0.4,0.2,1.0
56,test,kitchen,sad,beckoning,standing,stationary,context,F04,Help request,A05,"Offer task guidance / answer, supportive tone",0.0,0.1,1.0
57,test,kitchen,MISSING,MISSING,standing,stationary,"emotion,gesture",F05,Engaged / busy - no interaction needed,A06,Hold position; do not interrupt; stay aware,0.0,0.0,1.5
58,test,kitchen,MISSING,MISSING,walking,toward_robot,"emotion,gesture",F06,Requests passage / space,A11,Move aside promptly; clear path,0.3,0.5,0.5
59,test,kitchen,angry,thumbs_up,standing,stationary,,F07,Frustration / agitation,A08,"Calm assistance, soft tone (de-escalation)",0.0,0.05,1.5
60,test,kitchen,disgust,thumbs_down,sitting,stationary,,F08,Break / relief request,A07,Acknowledge; suggest break/alternative activity,0.0,0.0,1.2
61,test,kitchen,sad,wave,walking,toward_exit,,F09,Farewell,A10,Acknowledge farewell; hold position,0.0,0.0,1.5
62,test,kitchen,sad,none,standing,stationary,,F10,Discouraged / giving up,A12,Encourage; suggest alternative approach,0.0,0.0,1.0
